"DESCRIPTION","DURATION IN MS","NAME","PARENT SUITE","START TIME","STATUS","STOP TIME","SUB SUITE","SUITE","TEST CLASS","TEST METHOD"
"","3963","User is logging in with wrong credentials to opencart Application with data driven test","chromium","2026-09-28","passed","2026-09-28","","loginpageUsingFixture.spec.ts","",""
"","2329","Login Page test","chromium","2026-09-28","passed","2026-09-28","","loginpageWithoutFixture.spec.ts","",""
"","3105","Invalid login test Scenarios with Excel Data - vikash@gmail.com and Sita@123","chromium","2026-09-28","passed","2026-09-28","","loginpageUsingFixture.spec.ts","",""
"","2738","Invalid login test Scenarios with CSV Data - ganesh@gmail.com and","chromium","2026-09-28","passed","2026-09-28","","loginpageUsingFixture.spec.ts","",""
"","2955","Invalid login test Scenarios with CSV Data - invalid@gamil.com and Abcx@098","chromium","2026-09-28","passed","2026-09-28","","loginpageUsingFixture.spec.ts","",""
"","857","@sanity Update User using Utility and Fixtures","chromium","2026-09-28","passed","2026-09-28","Ruuning e2e GoRest Crud API","API_Automation/UsersCRUD_UsingFixture.spec.ts","",""
"","3431","Headres on home Page test","chromium","2026-09-28","passed","2026-09-28","","homepageUsingFixture.spec.ts","",""
"","3766","Verify Search Results test with imac","chromium","2026-09-28","passed","2026-09-28","","searchPage.spec.ts","",""
"","5258","Verify Product Data after search","chromium","2026-09-28","passed","2026-09-28","","ProductInfoPage.spec.ts","",""
"","794","Delete User Test","chromium","2026-09-28","passed","2026-09-28","","API_Automation/UserCRUD.spec.ts","",""
"","2978","Invalid login test Scenarios with Excel Data - xyz@gmail.com and Sq@123","chromium","2026-09-28","passed","2026-09-28","","loginpageUsingFixture.spec.ts","",""
"","4920","Verify Product Data/MetaData","chromium","2026-09-28","passed","2026-09-28","","ProductInfoPage.spec.ts","",""
"","3197","Headres on home Page test","chromium","2026-09-28","passed","2026-09-28","","homepageWithoutFixture.spec.ts","",""
"","321","Delete User using Utility and Fixtures","chromium","2026-09-28","passed","2026-09-28","Ruuning e2e GoRest Crud API","API_Automation/UsersCRUD_UsingFixture.spec.ts","",""
"","773","@smoke Create User using Utility and Fixtures","chromium","2026-09-28","passed","2026-09-28","Ruuning e2e GoRest Crud API","API_Automation/UsersCRUD_UsingFixture.spec.ts","",""
"","974","Get User Test","chromium","2026-09-28","passed","2026-09-28","","API_Automation/UserCRUD.spec.ts","",""
"","3122","Logout Link exist on Home Page test","chromium","2026-09-28","passed","2026-09-28","","homepageWithoutFixture.spec.ts","",""
"","3096","Invalid login test Scenarios with Excel Data - abc1@gmail.com and Ram@123","chromium","2026-09-28","passed","2026-09-28","","loginpageUsingFixture.spec.ts","",""
"","717","Create User Test","chromium","2026-09-28","passed","2026-09-28","","API_Automation/UserCRUD.spec.ts","",""
"","3172","User is logged in to opencart Application","chromium","2026-09-28","passed","2026-09-28","","loginpageUsingFixture.spec.ts","",""
"","3965","Verify Search Results test with macbook","chromium","2026-09-28","passed","2026-09-28","","searchPage.spec.ts","",""
"","1193","GET -- get user","chromium","2026-09-28","passed","2026-09-28","","API_Automation/API_Schema_Validation.spec.ts","",""
"","3192","Home Page Title test","chromium","2026-09-28","passed","2026-09-28","","homepageWithoutFixture.spec.ts","",""
"","2672","Forgot Password Lonk Exist Test","chromium","2026-09-28","passed","2026-09-28","","loginpageWithoutFixture.spec.ts","",""
"","3007","Invalid login test Scenarios with JSON Data- Ramd@gmail.com and sita@890","chromium","2026-09-28","passed","2026-09-28","","loginpageUsingFixture.spec.ts","",""
"","4902","Verify user is able to land on the product page macbook and MacBook Pro","chromium","2026-09-28","passed","2026-09-28","","searchPage.spec.ts","",""
"","860","Update User Test","chromium","2026-09-28","passed","2026-09-28","","API_Automation/UserCRUD.spec.ts","",""
"","2854","Forgot Password Lonk Exist Test","chromium","2026-09-28","passed","2026-09-28","","loginpageUsingFixture.spec.ts","",""
"","3602","Home Page Title test","chromium","2026-09-28","passed","2026-09-28","","homepageUsingFixture.spec.ts","",""
"","4869","Verify user is able to land on the product page imac and iMac","chromium","2026-09-28","passed","2026-09-28","","searchPage.spec.ts","",""
"","2763","Invalid login test Scenarios with CSV Data - and psward","chromium","2026-09-28","passed","2026-09-28","","loginpageUsingFixture.spec.ts","",""
"","2963","Invalid login test Scenarios with JSON Data- Invalid@gmail.com and xyz@890","chromium","2026-09-28","passed","2026-09-28","","loginpageUsingFixture.spec.ts","",""
"","3249","Logout Link exist on Home Page test","chromium","2026-09-28","passed","2026-09-28","","homepageUsingFixture.spec.ts","",""
"","3204","User is logged in to opencart Application","chromium","2026-09-28","passed","2026-09-28","","loginpageWithoutFixture.spec.ts","",""
"","2207","Login Page test","chromium","2026-09-28","passed","2026-09-28","","loginpageUsingFixture.spec.ts","",""
"","879","GET User using Utility and Fixtures","chromium","2026-09-28","passed","2026-09-28","Ruuning e2e GoRest Crud API","API_Automation/UsersCRUD_UsingFixture.spec.ts","",""
